Marca| Sección| Categoría| Producto| Precio original| Precio reventa| Vínculo| Imagen|
Mattelsa| cosas| Pin| pin-cafe-basico-69605| 10000| 11000| https://www.mattelsa.net/cosas/pin-cafe-basico-69605| https://www.mattelsa.net/media/catalog/product/cache/25f4c2693a2e8545835ae720e71a1a77/6/9/69605-1.jpg|
Mattelsa| cosas| Pin| pin-azul-basico-69603| 10000| 11000| https://www.mattelsa.net/cosas/pin-azul-basico-69603| https://www.mattelsa.net/media/catalog/product/cache/25f4c2693a2e8545835ae720e71a1a77/6/9/69603-1.jpg|
Mattelsa| cosas| Pin| pin-verde-claro-basico-69481| 10000| 11000| https://www.mattelsa.net/cosas/pin-verde-claro-basico-69481| https://www.mattelsa.net/media/catalog/product/cache/25f4c2693a2e8545835ae720e71a1a77/6/9/69481-1.jpg|
Mattelsa| cosas| Pin| pin-amarillo-basico-69480| 10000| 11000| https://www.mattelsa.net/cosas/pin-amarillo-basico-69480| https://www.mattelsa.net/media/catalog/product/cache/25f4c2693a2e8545835ae720e71a1a77/6/9/69480-1.jpg|
Mattelsa| cosas| Pin| pin-rosado-basico-69479| 10000| 11000| https://www.mattelsa.net/cosas/pin-rosado-basico-69479| https://www.mattelsa.net/media/catalog/product/cache/25f4c2693a2e8545835ae720e71a1a77/6/9/69479-1.jpg|
Mattelsa| cosas| Pin| pin-verde-claro-basico-69478| 10000| 11000| https://www.mattelsa.net/cosas/pin-verde-claro-basico-69478| https://www.mattelsa.net/media/catalog/product/cache/25f4c2693a2e8545835ae720e71a1a77/6/9/69478-1.jpg|
Mattelsa| cosas| Gorra| gorra-verde-texto-68109| 42000| 46200| https://www.mattelsa.net/cosas/gorra-verde-texto-68109| https://www.mattelsa.net/media/catalog/product/cache/25f4c2693a2e8545835ae720e71a1a77/6/8/68109-1.jpg|
Mattelsa| cosas| Medias| medias-negro-rayas-69652| 18000| 19800| https://www.mattelsa.net/cosas/medias-negro-rayas-69652| https://www.mattelsa.net/media/catalog/product/cache/25f4c2693a2e8545835ae720e71a1a77/6/9/69652-1.jpg|
Mattelsa| cosas| Medias| medias-blanco-rayas-69651| 18000| 19800| https://www.mattelsa.net/cosas/medias-blanco-rayas-69651| https://www.mattelsa.net/media/catalog/product/cache/25f4c2693a2e8545835ae720e71a1a77/6/9/69651-1.jpg|
Mattelsa| cosas| Toalla| toalla-pequena-microfibra-marfil-ilustracion-65519| 18000| 19800| https://www.mattelsa.net/cosas/toalla-pequena-microfibra-marfil-ilustracion-65519| https://www.mattelsa.net/media/catalog/product/cache/25f4c2693a2e8545835ae720e71a1a77/6/5/65519-1.jpg|
Mattelsa| cosas| Toalla| toalla-pequena-microfibra-gris-basico-65515| 18000| 19800| https://www.mattelsa.net/cosas/toalla-pequena-microfibra-gris-basico-65515| https://www.mattelsa.net/media/catalog/product/cache/25f4c2693a2e8545835ae720e71a1a77/6/5/65515-1.jpg|
Mattelsa| cosas| Toalla| toalla-pequena-microfibra-morado-basico-65514| 18000| 19800| https://www.mattelsa.net/cosas/toalla-pequena-microfibra-morado-basico-65514| https://www.mattelsa.net/media/catalog/product/cache/25f4c2693a2e8545835ae720e71a1a77/6/5/65514-1.jpg|
Mattelsa| cosas| Toalla| toalla-pequena-microfibra-negro-basico-65513| 18000| 19800| https://www.mattelsa.net/cosas/toalla-pequena-microfibra-negro-basico-65513| https://www.mattelsa.net/media/catalog/product/cache/25f4c2693a2e8545835ae720e71a1a77/6/5/65513-1.jpg|
Mattelsa| cosas| Pañoleta| panoleta-terracota-ilustracion-69120| 30000| 33000| https://www.mattelsa.net/cosas/panoleta-terracota-ilustracion-69120| https://www.mattelsa.net/media/catalog/product/cache/25f4c2693a2e8545835ae720e71a1a77/6/9/69120-1.jpg|
Mattelsa| cosas| Pañoleta| panoleta-negro-ilustracion-69119| 30000| 33000| https://www.mattelsa.net/cosas/panoleta-negro-ilustracion-69119| https://www.mattelsa.net/media/catalog/product/cache/25f4c2693a2e8545835ae720e71a1a77/6/9/69119-1.jpg|
Mattelsa| cosas| Pañoleta| panoleta-mostaza-ilustracion-69118| 30000| 33000| https://www.mattelsa.net/cosas/panoleta-mostaza-ilustracion-69118| https://www.mattelsa.net/media/catalog/product/cache/25f4c2693a2e8545835ae720e71a1a77/6/9/69118-1.jpg|
Mattelsa| cosas| Gorra| gorra-blanco-texto-67975| 42000| 46200| https://www.mattelsa.net/cosas/gorra-blanco-texto-67975| https://www.mattelsa.net/media/catalog/product/cache/25f4c2693a2e8545835ae720e71a1a77/6/7/67975-1.jpg|
Mattelsa| cosas| Medias| medias-blanco-y-marfil-texto-66424| 40000| 44000| https://www.mattelsa.net/cosas/medias-blanco-y-marfil-texto-66424| https://www.mattelsa.net/media/catalog/product/cache/25f4c2693a2e8545835ae720e71a1a77/6/6/66424-1.jpg|
Mattelsa| cosas| Pin| pin-68014| 20000| 22000| https://www.mattelsa.net/cosas/pin-68014| https://www.mattelsa.net/media/catalog/product/cache/25f4c2693a2e8545835ae720e71a1a77/6/8/68014-1.jpg|
Mattelsa| cosas| Pin| pin-68013| 20000| 22000| https://www.mattelsa.net/cosas/pin-68013| https://www.mattelsa.net/media/catalog/product/cache/25f4c2693a2e8545835ae720e71a1a77/6/8/68013-1.jpg|
Mattelsa| cosas| Medias| medias-morado-y-verde-texto-66447| 32000| 35200| https://www.mattelsa.net/cosas/medias-morado-y-verde-texto-66447| https://www.mattelsa.net/media/catalog/product/cache/25f4c2693a2e8545835ae720e71a1a77/6/6/66447-1.jpg|
Mattelsa| cosas| Medias| medias-amarillo-y-azul-texto-66422| 32000| 35200| https://www.mattelsa.net/cosas/medias-amarillo-y-azul-texto-66422| https://www.mattelsa.net/media/catalog/product/cache/25f4c2693a2e8545835ae720e71a1a77/6/6/66422-1.jpg|
Mattelsa| cosas| Correa| correa-cafe-basico-67415| 32000| 35200| https://www.mattelsa.net/cosas/correa-cafe-basico-67415| https://www.mattelsa.net/media/catalog/product/cache/25f4c2693a2e8545835ae720e71a1a77/6/7/67415-1.jpg|
Mattelsa| cosas| Correa| correa-cafe-animal-print-67414| 28000| 30800| https://www.mattelsa.net/cosas/correa-cafe-animal-print-67414| https://www.mattelsa.net/media/catalog/product/cache/25f4c2693a2e8545835ae720e71a1a77/6/7/67414-1.jpg|
Mattelsa| cosas| Gorra| gorra-negro-lavanderia-66433| 42000| 46200| https://www.mattelsa.net/cosas/gorra-negro-lavanderia-66433| https://www.mattelsa.net/media/catalog/product/cache/25f4c2693a2e8545835ae720e71a1a77/6/6/66433-1.jpg|
